member_name,status
Slackbot,inactive
Chelsea Linge,active
Lee Barkley,inactive
Martin Oâ€™Leary,active
Nathan Hodnett,active
Bryan Oki,active
Caleb Johnson,active
Meredith Spoto,active
Chris Whittam,inactive
Dylan Lorimer,inactive
Rachael Creager,active
Paul Chan,active
Vaibhav Arora,active
Ryan Gibo,active
Jamie,inactive
Mark Grozen-Smith,active
Miave Desser,active
Victor De Souza,inactive
Jeff L,active
Jon Bate,active
Scotty Huhn,inactive
Nick Shapiro,active
Jshafer01,inactive
Ben Taggart,active
Alvin Yi,inactive
Hakeem Oseni,inactive
Brian Barish,inactive
Donovan Halpin,active
Marika,active
Brandonculley92,inactive
ckopyar,active
Ryane Bohm,active
Pchiang,active
Justine Feighery,active
Danielle Siler,active
Laura Berk,active
Thomas Tommy,inactive
Kristijan Gjorgjevik,inactive
Andy Nguyen,active
Pilar Leano,active
Patrick Galvin,inactive
Marina Bichoffe,active
Nik Laufer-Edel,active
Mihnea Munteanu,active
Satish Ramakrishnan,active
Liz Moore,inactive
Adrienne Cristofoli,inactive
Zach Webster,inactive
Sammy Hodroge,inactive
Andrew Purcell,active
Sabahoney,inactive
Parsa Saljoughian,active
Scott Brenstuhl,active
Cassius,active
Emmett Bamba,active
Jose V,active
David Yin,active
Ellen Shank,active
Kevin Lee,inactive
B Slice Schlesinger,active
Alison Bunnell,active
Sommer Panage,active
Naomimbakwe,active
Vicente Garcia,active
Jessica Whitlow,active
Ishamishra,active
Emily Wang,active
Rathin,active
Meghan M,inactive
Jennifer Sun,active
Cal Fintzi,active
Ryan Stoll,active
Nathan Leddy,inactive
Christie Lemon,inactive
Dan Quinn,inactive
Jacksonpchadwick,active
MD Ma,active
Will Sockolov,active
Forrest Sansom,active
Cristina Arthun,active
Deb Austin,active
Katie Everett,active
Brendan Walcoff,active
Emily Huff,active
Jacob Prussky,active
Jenna Newgard,active
Kat McCall,active
Nate Grau,active
Shahin Saneinejad,inactive
Andrea Scott,active
Iklavora,active
Alycia Carrillo,active
Jon Schoenherr,active
Marc Sloan,active
Zachary Seale,active
Flagship,active
Nikki Staley,active
Ryan Schaper,inactive
Danielle Carlin,inactive
Shiny Singh,inactive
Lin Qu,inactive
Robert,active
Tommy Tai,inactive
John Fernandes,active
Jess Tsai,active
Marie Febiar,inactive
Richard,active
Nadia Barbosa,active
Cam,active
Dan,inactive
Mallory Rice,active
Genevieve Kelly,active
Carla Kinnunen,active
Katy Kelly,active
Gareth Sylvester,active
Jack Lape,active
Kiran Kannar,active
Sunnah Wang,active
Linda McDougal,active
Awilson820,inactive
David Schmelter,inactive
Greg Tan,active
Sophia Carballo,active
Michael Lovrovich,active
Kevin Charette,inactive
Lizzie Berkovitz,active
Esha Reddy,active
Gokhan Himmetoglu,active
Rehamdb,inactive
lizosaki,active
Camachoolga,active
Wanda,active
Tyler Alexander,active
Adam Silver,active
Tom Fisher,active
Jordan Roberts,inactive
Denny Won,inactive
Gideon,active
Davey Feder,active
Meg Ray,active
James Cross,active
Nick Khlytin,inactive
Nuri Chang,active
Caspar,active
Lvidovic,active
Christina Reynolds,active
Jake Paul,inactive
Eric,inactive
Javier Torres,active
Paulin,inactive
Kai Ichikawa,inactive
Robterra,inactive
Ryan King,active
terence,active
Konky Wang,active
Andrei Ignat,active
Lisa Richmond,active
Aaron Phipps,active
Joshua Lykes,active
Morton Lin,active
Yuliana Nevarez,inactive
Chaithra Nataraj,active
Sarah Fk,active
Alissa Dossantos,inactive
Aileen,active
Jen C,active
Oscar Collingwood-Smith,active
Courtney Cronin,active
Darin Winter,active
Sarina Hothi,active
Ayushi Agrawal,active
Zeke,active
Gaelen Sayres,active
Adi Wakankar,inactive
Hakeem,inactive
Kevin Liu,active
John Bodley,active
Deepesh,inactive
Lisa Analetto,active
Dan Savage,active
Greg Manjuris,active
Christina Lin,inactive
Gabe Martinez,active
cindy c,active
Jonathan Lui,active
Alessandro Naso Onofrio,active
Paolo Gabriele Falcone,inactive
Rob Dahlgren,inactive
Jessie C,active
Jochen Mende,active
Eric Ertmann,inactive
Natasha Pabrai,active
Lauren W.,active
Chris McLaughlin,active
Hans Nelsen,inactive
Christian Griset,active
Ugur,inactive
Iionel,active
Claire Mason,active
Shyna Zhang,active
Jamie White2,inactive
Cameron hargitai,active
Emma Sheldon,active
Colin Fitzpatrick,inactive
Dhane,active
Jacek Rycko,inactive
Tricia Tong,active
Divy,active
Ish Ruiz,active
HH,inactive
Krisdahlberg,inactive
Cullen Millikin,active
Diana Homsey,inactive
Hpriestland,inactive
John Maus,active
Erwinbamba,active
Deb,active
Rob Nolan,active
Mike Overell,active
Nikita Aj Patel,inactive
Gracehsu2,inactive
Amberkuo1000,inactive
Raj Mirajkar,active
Manuel Murillo,inactive
Harrison,inactive
Clare Raczkowski,inactive
Colin Parker,active
Suzanne Jenkins,active
Ollie,inactive
Elias,active
Awilson9,inactive
Eamomac,inactive
Justin Greenberg,active
Akash Bhat,active
Jeffreymlee,inactive
Anna Vogel,active
Michelle Madani,active
Hushamhassanto,inactive
Patrick Curry,active
Deren1227,inactive
Matt Serna,active
Danieldispenziere,inactive
Jason Fischl,inactive
mikewoot,active
Deirdre Donadio,inactive
Mike King,active
Frank J Hsu,inactive
Kerynne O,inactive
Jen Protsman,inactive
JPM,active
Caylyn Major,inactive
Apon529,inactive
Brett Waikart,active
Rcarrillo,inactive
Steven Riffle Engineering,inactive
Cheney Lyford,inactive
Mauricio Sanchez,active
Joey Chan,inactive
Priscilla521,inactive
Tony Leung,active
Kevinkraft,inactive
Jacob Paradeis,inactive
Txa2000,inactive
Johnny Atler,inactive
Robert Hidalgo,active
Ravendelk,inactive
Neil Bhatt,active
Jessica Zhang,inactive
Jamie Block-Wheeler,active
Faizan Ali,active
Noah Duncan,active
Whitney Standring-Trueblood,inactive
Chadwick Harber,active
Amy Shapiro,active
Rachel Birkey,active
Davidmherron,active
Rachelpdagostino,inactive
Anthony DeSantis,active
Jeremy Goldstein,active
vlad,active
Srok35,inactive
Covenant Goo,active
Stefanrosscohen,active
tongwang01,inactive
Andrew Lunney,active
Harrison Robinson,active
Gjbednarz,inactive
Arush Shankar,inactive
Bob Ladue,active
Vicki Parker,active
Robert Lansing Ladue,inactive
Josh,inactive
Sdorato,active
Elizabeth Longacre,inactive
Marnierobsonphillips,inactive
Kevin Loftis,active
Katie Roman,active
Christopher Bian,active
DCoolican,active
Sprrid,inactive
Pablo Cosovschi,active
Michael McBride,inactive
Pratik Thakkar,active
Igor Dobrusin,inactive
Olivia Camusi,inactive
OG,inactive
Eric Liu,active
Derek Yee,active
Thomas Gonzales,inactive
Colinhoell,inactive
kfunn,active
Bogomil Balkansky,active
Adam Campi,active
Sid Sharma,active
Chen Zou,inactive
Ciaodelude,active
Trent Holland,inactive
Kris Hicks,active
Jon Heiner,active
Dzhackett,inactive
Lauren Metheney,inactive
Jill Jeske,active
trevor.standridge,active
Rohan Agrawal,inactive
Chrisw5009,inactive
Paul Minton,inactive
Ricky Fagan,active
Charlie Harrington,active
Andrewjgdennison,inactive
Pamelabogner,inactive
michael lovrovich,inactive
Kevin Scott,inactive
Lei Duan,active
Georgii Iudin,inactive
John Frost,inactive
Adam Tobiasz,active
Nickyay,inactive
Glenn Keighley,inactive
Jon Stan Hjartberg,inactive
Stephen,inactive
Matt Friske,active
Chantal,inactive
Nick Vasko,active
Di Wu,active
Aschultz,inactive
Dothedew6289,inactive
james wang wang,inactive
Anton,inactive
Jack Beauchamp,inactive
Alexanderrafael,inactive
Richrichierichardv,inactive
Nicaricua,inactive
Allyssa Perez,active
Nateroads,inactive
Kal Freese,inactive
Tpaynesf,inactive
Isabelle Castillo,active
Daina Lightfoot,active
Chris Kelsey,active
Amanda Lim,inactive
Mathew Snyder,inactive
Jennie Leigh,active
Robert White,active
Brianxchau,inactive
Davy Koszka,active
John Breslin,active
Brandon Z Lam,active
Zack Smetana,active
Logan,active
brentluo,active
Matt Mo,active
Ianjanicki,inactive
Daniella Sucato,inactive
Fernando Rubio,inactive
Akshat Gupta,active
Melody A. Sawyer,active
Frank Martello,inactive
Oahmady,inactive
Susan Sheng,active
Seaurichard,inactive
Vivek Ramaswami,active
Zizu,active
Jesseagurney,inactive
Tom Chokel,inactive
Nevin Vangala,active
Muhammed Ottman,active
Peng Chen,inactive
Nicole Greer,inactive
Frank Wood,active
lisanakasone,inactive
Rohantaneja24,inactive
Jamie Rolfs,active
Carnet,inactive
Anshah,inactive
Garciapinedagerson,inactive
Dawn Blessing,inactive
Siddhartha Jain,inactive
Evan Ruiz,inactive
theopaat,active
Brooke Sockolov,inactive
Chris Yu,active
S Pan20,inactive
Yogesh Nagarur,inactive
Clint Barnes,inactive
Nahollander,inactive
Ryan McKeel,inactive
eileenmcg,active
Matthew Bielec,active
Jessica Dzieszko,active
Brittany A Rowe,active
Charlie Esteban,inactive
Hector Rosales,inactive
Santosh Reddy,active
owencadwalader,active
Victoria Lin416,inactive
Luis DelValle,inactive
Mark Kramer,active
Laura Murphy,inactive
Greg Harrick,inactive
Bethy Hardeman,active
Drew Gabriel,inactive
Erika B,active
kristie ko,active
Leslie Tatum,inactive
Jody Knight,inactive
Michaelgdwn,active
